Lat,Long,osm_id,completene,amenity,changeset_timestamp,name,changeset_,uuid,
37.25834545,-0.621431744,9806303647,21.875,pharmacy,2022/06/09 12:28:16+00,Murrihs pharmacy,122163766,e34a05e2e285408ea1a9d7eeb5e5fd55,
36.35149528,0.039231037,9810337113,9.375,hospital,2020/04/29 07:31:18+00,o,122239334,df0388cbdff44e4d81c4434192577662,
34.77146185,-0.676844758,8187913519,15.625,pharmacy,2022/06/11 08:27:28+00,Shivling,113752869,dcb23539aa28494ea9a1ce1775dbf842,
34.84822693,-0.370387542,8659509434,12.5,hospital,2021/11/14 07:09:04+00,Free Clinic,103494274,d7df3725429b4b668b17dd56b0f4afc2,
36.87629998,-1.309770061,8894604390,12.5,pharmacy,2021/04/23 16:14:41+00,Duka la dawa,107429931,ffad7ee4c4ec40ec95a98323f594b278,
39.40731774,-3.555363561,3421461757,12.5,hospital,2014/07/30 07:15:40+00,mitangani dispensary,30194481,9a5e7e1672a347e0bdf4ec7dd541b9a5,
36.78202922,-1.308008437,6969796687,9.375,clinic,2021/07/05 09:39:09+00,Regatta Medical,135045277,33ad028095dd47c7b7163d229a348069,
35.73242384,-0.25234654,2165018906,15.625,pharmacy,2015/04/13 18:07:51+00,One Door Stop,15108838,a70339ee2b004046b5e794e02652a067,
36.89277964,-1.352216019,8415862317,25,clinic,2023/04/18 07:38:35+00,Africare Ltd (South C),99127591,91284e7c072f40e9986502be28f3fa8a,
36.89092448,-1.257696315,8962983524,12.5,hospital,2013/02/21 08:11:26+00,Mkunga Hospital,129039423,85fa05ef03284b2fbfd64fb04e3d8835,
36.87759976,-1.309508714,1446059252,15.625,pharmacy,2021/02/11 18:08:01+00,Medical clinic,71595767,dc240be808bd4f5ea3b7270d63829bb1,
36.66290578,-1.245948826,7321553985,34.375,pharmacy,2022/11/17 12:14:52+00,Trafalger Pharmacy,82517398,ebdd094edcac456a8bafd8cd1e9f619a,
36.84937077,-1.313682231,3856214866,9.375,pharmacy,2019/06/25 11:16:52+00,Newstart Herbal,35548151,12e2d48dcf7146ab921ba95607044ce2,
36.88782745,-1.219639624,8416284519,28.125,clinic,2020/03/23 10:22:37+00,Berton Health Specialists Clinic,99131660,2ccf0aa493c949deb90987db1f1fc2fc,
36.81972532,-1.292106123,8420929917,18.75,clinic,2015/11/24 11:18:43+00,Genessaret Clinic,116986728,6e168074003b48dfb1b14f40ad4af575,
35.27958892,-0.371526307,8266931917,12.5,doctors,2021/02/11 19:50:53+00,Orthopedics and Trauma,145848433,f56b99d83dd44be4b34aab751ecc8f80,
36.79637493,-1.314630057,7930787272,15.625,clinic,2022/02/04 02:45:12+00,Sprout Medical Clinic,134437531,4c6d2e2553bd41008c8fb0f22ec7b0c8,
37.44514522,-1.663103071,5641419316,18.75,clinic,2023/12/27 09:21:54+00,DG Peter's Medical Center,61359703,dce88df0468140028939f1453ca3278c,
36.91360356,-1.277394206,8415817017,25,clinic,2024/01/03 17:17:12+00,Chasmile Medical Clinic,99126184,415faf4afb484094960bc8a5a64e718d,
36.90113338,-1.288816058,8415831221,25,clinic,2023/04/03 05:43:13+00,Aga Khan University Hospital - (Greenspan Mall Clinic),110050907,73ee4bf382d24eeeb424f6fe08c9e0fb,
36.79605692,-1.317367838,612008640,21.875,clinic,2018/08/04 18:35:55+00,Silanga Dispensary,134436534,4c0f47211c07416cb3daa73c24545c48,
36.88849993,-1.250260058,8891905585,12.5,clinic,2021/02/11 17:50:45+00,Provide International Korogocho,107379304,ebb6c020672e463c8ab237d4b36f1ce7,
36.74684886,-1.290000672,8074036743,15.625,pharmacy,2022/10/07 18:55:05+00,Kawangware Chemist,93408841,3a113cbc647140c089a02f3ed154e97c,
35.74327329,0.492964495,5781632990,9.375,clinic,2021/08/22 08:10:08+00,Sundowner Chemist,61817326,dcaa1a3f99224a0986b5b0e3c541cc03,
36.81980042,-1.292146356,8432644717,25,clinic,2023/04/03 04:49:06+00,Exselle Health Care,116986728,910882899b544d4d95a28ea00cb14116,
40.36031674,1.669426547,3781927480,9.375,clinic,2023/04/03 04:49:06+00,Argane Dispensary,34567731,caeec5195c4b4529b6cfe9a10b6556df,
36.90316624,-1.218382506,8429616117,25,clinic,2020/04/30 10:03:30+00,Kasarani Claycity Medical Centre (Kasarani),116137052,70819385a9764fbcb44bc3105572cceb,
36.88785058,-1.246879804,2405823297,9.375,clinic,2021/07/04 08:08:24+00,Redeemed Gospel Church Clinic,17201651,71c100d49785492283c8c7475c7d172d,
36.74837663,-1.2912567,8074036801,15.625,pharmacy,2020/11/02 09:38:34+00,Ninalink Chemist,93408841,178d2b4cb3d848a6a83baf77dc1e3384,
35.34911018,-1.338394428,1599710046,9.375,doctors,2020/04/23 08:37:21+00,Olesere Community Health Center,10731193,b089338893484d58bff290cc166050eb,
36.87252796,-1.314624022,8432649917,28.125,clinic,2018/11/12 10:14:05+00,Fairview Nursing Home Kware,99470610,8f1c074d463e42d08003b7a0c78405ac,
34.76603927,-0.089840968,8190820921,15.625,hospital,2015/08/18 13:09:17+00,Tuungane Hospital,137468895,7997d23d6d544a6c94af4275e94de233,
36.77586525,-1.311211414,4963467523,21.875,clinic,2018/08/20 09:44:48+00,Rosade Medical Clinic,135608976,4c35fdfcd3eb41d2bb19f2927c82d1db,
36.78227364,-1.312434501,698602290,21.875,pharmacy,2022/02/04 02:45:12+00,REMS,6012696,d53cf2a722324445ad71c86b825a10f5,
36.94772696,-1.289123925,8428495317,25,clinic,2015/10/11 11:54:27+00,Equity Afia Utawala Medical Centre,136372097,063adaee8fcb4c10a1341aead6962b2b,
36.90187526,-1.183507335,2417344957,9.375,pharmacy,2019/11/14 20:35:41+00,Rugi Chemist,22761069,28a3693b211c4b4a82b1d44d20557921,
36.87025764,-1.253447947,1038219168,18.75,pharmacy,2022/01/14 08:23:10+00,Nuffield Medical Service Providers,100224317,a395a898b6b54c818dcc05793acb6fe9,
39.52910562,-3.522676654,3421461747,12.5,hospital,2013/08/03 09:20:18+00,mbazizo medical clinic,30194481,97117fa2e3f24045bfc470c74f042c7c,
36.87069995,-1.310740015,8895109584,12.5,dentist,2020/11/02 09:38:34+00,Paradise Medical Center,107443022,9b9036ce51c949c7804bffbb0587cefa,
36.79762048,-1.313301357,2016217939,18.75,dentist,2012/02/19 15:29:09+00,Kibera Medical Clinic,134493322,ee9d5d91b0ee4df0b13ebb404be09d81,
36.79550078,-1.316783451,696656808,25,pharmacy,2021/02/17 18:14:01+00,Silanga Pharmacy,134436534,af46004416fe45a69f84f9c06d744be3,
36.89694067,-1.239866079,2405883359,9.375,pharmacy,2023/06/18 07:37:23+00,,65187818,13fdf333bc9e45cbbed816814a329cfc,
36.75140828,-1.28866334,8074036744,15.625,pharmacy,2023/05/02 10:09:37+00,Late Night Chemist,93408841,4974323230e6487780e7f76277821d9b,
36.07351549,-0.301503217,9097199068,18.75,pharmacy,2010/10/11 15:28:29+00,Tazama Chemist,111334896,39db2479863744b8b400b9767d27c884,
36.86457663,-1.259559947,2378857107,21.875,pharmacy,2023/05/21 13:18:07+00,Ubora harbal chemist,19292003,267098b044a14b1f9aea79eb8e4c435f,
39.65420099,-0.485130013,11364707369,21.875,pharmacy,2014/06/05 18:28:56+00,Iftin pharmacy,144257155,5a358e9403b24439b94c7569b8c0567d,
36.81773537,-1.28388423,5555073945,21.875,clinic,2021/03/01 18:18:56+00,Karen Hospital Clinic,127095515,5d9d49a730f64157998b8a5295618088,
36.799752,-1.298961849,5401775775,21.875,clinic,2015/04/13 18:07:50+00,Careville Wellness Centre,135621435,3f7b3e8b8f694d0aa0d3fbc3fde25e72,
36.75330025,-1.282154876,8074036800,15.625,pharmacy,2022/01/12 12:19:16+00,Larmar,93408841,986007fb1dbb41c28a7d8ef11e04bd03,
40.00738648,1.62762784,3713167017,12.5,pharmacy,2021/07/05 13:34:48+00,Lehely District Hospital,92421456,9537d03c637c46f8a9f703d8d1bf99df,
34.78027668,-0.092810005,8191008208,15.625,clinic,2023/04/04 12:13:47+00,Manyatta Community Medical Clinic,95232096,892ad53cddd243df96b2e2f994969d52,
34.77181959,-0.671695252,6763674285,9.375,pharmacy,2023/04/03 04:49:06+00,NYAKONGO PLAZA,73969025,e173ab070e6c4911a4a664fe428f82a3,
39.6523149,-0.484835221,11364707374,21.875,hospital,2015/06/07 22:49:59+00,Baitul tiba,144257155,fa8a85ce17754e91a357ef3470aeaa0b,
36.77395745,-1.310475063,1804804146,18.75,dentist,2018/12/05 08:05:43+00,Familly Dental Care,135608976,c584ae65340b4c8e8e680b29234c02c0,
35.73640742,-0.252984906,2165018909,15.625,pharmacy,2020/04/16 07:08:29+00,Tevin Medical Clinic,15108838,26172b4a405a47b589e84e6593826272,
36.79797445,-1.295219245,5414200513,18.75,pharmacy,2020/11/02 09:38:34+00,Rosegate Pharmacy,135969376,7c0a669dc28e4093b612bc614f5639a4,
36.8790956,-1.316741626,914492972,9.375,pharmacy,2021/09/17 12:09:53+00,Sunrise Medicare,5795780,f7c78ef414ae433e87784e17f6f7a2a6,
36.84235084,-1.311188112,3856041357,9.375,clinic,2013/12/05 16:14:20+00,clinic,35545393,a30bb5e84008415cb463f948a3ffbceb,
39.05227348,3.514489044,7260938234,15.625,hospital,2023/11/20 17:57:19+00,Moyale Gen Hospital,81731337,e06b28a6a180459daf7b25e7763ec5b7,
34.77095668,-0.044987141,9587605887,12.5,hospital,2022/06/29 18:24:19+00,St. Monica Hospital,118628871,302bc9dac8fa4a7189ff215afbf49a4f,
34.48784097,0.33564556,6241666287,18.75,hospital,2022/10/06 10:48:53+00,Mumias Mission,134112120,1d225187dcd04131ab774451c57c61d5,
36.88191074,-1.265300964,8415805017,25,clinic,2023/05/02 15:19:53+00,Cefi Nursing Home,99125700,943bfb212f53429483cfda140f08b3f3,
36.78782598,-1.306143882,4963507352,9.375,clinic,2020/11/02 09:38:34+00,Kibera LVCT Health Dream Centre,134812930,1092d92180094c8ab08c33f7f35c84b6,
34.78139659,-0.086928508,8214402669,15.625,pharmacy,2020/10/13 13:41:45+00,Corner Mbuta Pharmacy,95631243,2c6754d2645f4bf4985bc30f571dee60,
36.85933669,-1.261838316,7952200617,15.625,clinic,2020/12/03 14:18:42+00,Core,91659564,90a0e31192e740c6993cd579e36b62dd,
37.06852217,0.021734736,4581729090,9.375,clinic,2020/04/16 05:24:16+00,Maternity Nursing home,44792393,af6d3f724b9841028ec0c18271a47491,
36.78610383,-1.307713645,612009706,21.875,pharmacy,2019/09/01 09:59:35+00,Herbal Chemist,134809251,4e8fec69def94b0c8825adfc23f03d77,
36.86478073,-1.258772719,2385083676,21.875,pharmacy,2023/11/20 17:57:19+00,Cordial medical clinic,65113705,e552763ef6004618b26f58db5be80725,
34.17901787,0.206283541,2631115731,9.375,hospital,2023/05/02 10:09:37+00,Matibabu Hospital,20121970,fa32de5d02ec4edf97cfee8e158d2249,
36.36232713,0.0385371,2475402441,15.625,hospital,2013/02/21 08:11:26+00,Nyahururu General Hospital,66704643,513c0527598f450393a8ce0a5a3852a4,
36.88839993,-1.250020084,8891997091,12.5,*,2023/05/11 09:53:03+00,Faith healer,107380437,518ec44d1c164376b2239013e7740425,
34.77825664,-0.097663379,8214402678,15.625,pharmacy,2010/09/16 13:38:03+00,Gweja Chemist,95631243,c64616b068004e80a50cbc74e3d91688,
36.82365777,-1.320563941,8415831218,25,clinic,2015/11/24 08:22:52+00,Arawelo Medical Centre Limited,109655038,d46fc78b00884c6a842bd7886549416b,
36.87549993,-1.311310069,8894604392,12.5,pharmacy,2020/03/03 14:06:49+00,Stepps Chemist,107429931,b413422290d84567994e5d306305471d,
36.79038397,-1.309073944,698592302,21.875,pharmacy,2022/03/18 11:26:44+00,Chemist,134437531,2a3d79633bc645b5af8ca37e1af03bda,
36.87059995,-1.310730041,8894592637,12.5,clinic,2023/03/25 17:29:07+00,St. Joans Medical Center,107429683,5c2406d31e5e4811a20860493c8165c6,
36.88049999,-1.309040081,8895124062,12.5,hospital,2023/04/25 06:39:32+00,Cana Family Health Center,107442924,e318744b7cde4244a795b2dbf2793fbf,
35.11880532,1.290680194,6908747811,12.5,clinic,2021/02/11 17:47:40+00,Kapkoris Dispensary,114511574,4b18d96137434444922c2996ecf8ea51,
37.45459539,-1.65903525,5641420360,18.75,hospital,2023/04/12 11:38:38+00,Mbooni Sub-County Hospital,75323374,4fdbe706a2ab47bd8386c776390ca03f,
37.15625664,-0.71989153,3105367374,15.625,pharmacy,2020/12/10 17:00:58+00,Acess Health Pharmacy,64908393,164fffba6b024174a834a4e6ba459665,
37.14958649,-0.731933643,3105367409,15.625,pharmacy,2020/09/28 17:45:03+00,Mukuyu Chemist,31438821,a191365e23344f1298f0d08b5b530891,
36.86354247,-1.262871553,4503879853,18.75,clinic,2016/12/30 19:12:33+00,Villa Medical Centre,64907797,15e07adf22644d9d985e9a98233a059d,
36.06629147,-0.285305022,3078100353,12.5,pharmacy,2016/04/08 15:02:01+00,Ngata bridge,120837151,229f6d82705546aba03a4e037f8a7449,
35.86685758,-1.084747142,2969743459,9.375,hospital,2023/04/12 10:10:45+00,Narok District Hospital,24233236,0c2b69fb6c99442597e331131029823e,
36.83924744,-1.308895158,3856130660,9.375,pharmacy,2018/12/03 06:12:03+00,andrews chemist,35546881,e229f6da02b84583989cfb5da04f7ae4,
36.84502492,-1.265036766,7952200601,18.75,hospital,2014/01/21 13:02:32+00,The Jordon Hospital,93783612,25ee569d5ea549f5824c4a4d191bd4e8,
34.03530553,0.153656086,11586713101,21.875,pharmacy,2019/01/28 12:42:22+00,Philocare Pharmacy,147149821,9260b1885772421095038cc1a8c77b3b,
36.93508252,-1.191703244,11482256914,12.5,hospital,2021/07/04 08:44:18+00,Emory Hospital,145829238,223d382e429a40a7a34a69d38630d028,
39.99706802,1.832370577,3702818291,9.375,clinic,2020/12/10 17:00:58+00,Elnur Dispensary,33414147,59b46167d43e47f0aafb6435784d4890,
37.65306025,-0.46837484,560737725,9.375,hospital,2021/08/14 04:37:31+00,karurumo health centre,3089987,207791eccdb64adaa2f966c2a6a8ef16,
36.74553399,-1.28608867,8074036764,15.625,pharmacy,2021/07/05 09:39:09+00,Philimed,93408841,64b1b01de2d9423bb062241e8deacaf5,
37.57502784,0.340897996,3283812027,9.375,hospital,2023/06/06 11:51:31+00,pepo la tumaini dispensary,28842235,e76b5a990f54421e80fa6ba461d39176,
36.59453988,-0.947324917,9248481090,12.5,hospital,2023/04/03 05:43:13+00,AIC Kijabe Hospital,113734760,3e3833d931db4b0fac6ae6ecb70ad485,
36.77029087,-1.290824781,5334918491,18.75,clinic,2021/07/05 09:34:43+00,Aga Khan University Hospital Medical Centre,56728223,5a8a28a9557d478783bf08e044b44c63,
40.36175089,2.305862947,3702721568,9.375,clinic,2021/07/05 13:32:51+00,Wargadud Dispensary,33412755,dcce25f095b144b8a639b3afd9fad6c6,
36.86476732,-1.259937971,2378857067,21.875,pharmacy,2021/12/03 07:52:21+00,Benakim chemist,19292003,15618ac544964622bb7f067dbf2f8fa1,
36.89544316,-1.2253995,8415773317,28.125,clinic,2019/10/05 16:52:20+00,Cascade of Hope Health Care,99125042,4814315e4e274da1bc50e552e4455388,
40.11816096,-3.212353201,1315243432,6.25,pharmacy,2018/11/26 18:50:18+00,,8371867,7c91097fa8664cf8b19a2cc8c270bfc7,
37.46847289,-1.630617245,5637519162,18.75,clinic,2015/05/25 08:53:21+00,Ebenezer,75323374,f82b610fda874e338d693226f2b0e76c,
36.85689219,-1.331131426,6207599849,15.625,,2018/11/26 18:28:12+00,Kobian Kenya Ltd,66300154,cd47279ba0124f2a86500c5a48234175,
36.78191992,-1.310090083,7930787271,15.625,clinic,2022/05/11 11:58:53+00,Silanga Health,135086203,9d86e4ea8501492b8be66c8dc5fd46ac,
36.89119999,-1.249100002,8891845003,12.5,pharmacy,2020/04/29 11:26:23+00,Empire Chemist,107379713,a7522cf1aadf4b24bf0cb246281ff72f,
40.05919444,1.750605447,10008317517,15.625,pharmacy,2014/07/19 05:23:52+00,SOMCARE HOSPITAL,125930932,d9ba0268d5e648b89781c7fbbc17ea5e,
35.74327647,0.493008248,5781632989,9.375,clinic,2015/11/24 09:58:31+00,Figtree Optical,61817326,faf167dc55364ffea5035d78e73e5694,
36.83707687,-1.309181065,3856033697,9.375,clinic,2020/11/09 08:54:18+00,Kwa Kioko Clinic,35545285,81a0230a8fe84ed4807eb7e1c2ad43d2,
39.98637775,2.710190281,3702436364,9.375,clinic,2024/02/06 20:06:38+00,Dunto Dispensary,33408690,ab387d12ca3042cc8545cede64111d28,
36.86911518,-1.257631271,2378763929,21.875,pharmacy,2019/10/04 10:43:22+00,TRANSMAX HEALTHCARE,19292003,ba8eef72e6c345ca81f288ce34b91391,
36.89142077,-1.246818951,8891905579,12.5,clinic,2024/01/03 09:03:25+00,Gonga Njaa,107379304,dc6e3b351c924066951ed805c60eb3a0,
34.76560165,-0.097928331,8190794363,15.625,clinic,2015/08/18 12:31:02+00,Joy Pediatric Medical Centre,95229643,68c17ed90ad44ac88fdec460124906ff,
35.05197498,1.250971682,6908475308,15.625,clinic,2009/11/11 13:21:14+00,Kaplelach-Koror Dispensary,77093971,7c3030d4e82645b7b758b9c0c5f26159,
36.88589994,-1.303360001,8894604401,12.5,pharmacy,2020/11/02 09:38:34+00,Sunset Chemist/Cosmetic,107429931,6cca779eed44457483e0fc218653fe21,
35.88606999,0.340182935,6798591056,15.625,clinic,2015/02/14 14:29:35+00,Bekibon Maternity Renovation,114511456,65f74a1a90f642e0b21771b3440c7488,
36.86318784,-1.261115041,4503972768,18.75,pharmacy,2021/11/13 15:33:07+00,Baraka chemist,64907955,6f7e3b1efc1644d6b83aae777f7ddf97,
36.80021535,-1.314791827,708750160,25,pharmacy,2018/02/27 16:52:09+00,Nyasira Chemist,134439265,93ecd3bf7a6d40e1b5338ebe97ea865f,
36.80249992,-1.262860154,11414546929,9.375,pharmacy,2015/08/18 11:26:39+00,pharmaplus,145071680,a35ea3246d244b6e91065d5d4df148b2,
36.07995732,-0.295940316,9903510722,9.375,hospital,2013/12/05 16:13:54+00,Bondeni hospital,123924549,a4303b213c3a4fd6bb19402cffe9f7e7,
36.84665378,-1.312301815,1500016811,12.5,pharmacy,2021/02/11 17:35:02+00,Trust and Rejoice Medical Clinic,10917428,3219e2cb22b246dd921ff3978387c342,
35.67944333,0.546983765,5779268901,21.875,clinic,2011/06/07 16:55:53+00,Chesongo Dispensary,75323357,2016c5372be342eda491dd70827e708a,
36.86446314,-1.258889562,1124602228,12.5,pharmacy,2017/01/09 19:32:13+00,Late night chemist,65112235,c343b3f69c81459ba843b4ae57f13e48,
36.77902028,-1.31544176,698629331,21.875,pharmacy,2019/10/05 16:52:20+00,Hiltop Chemist,136449098,9a7318446fcb4c7a83cc6bb4c778a6ae,
34.76500167,-0.099446713,8214402680,15.625,pharmacy,2019/01/14 12:25:04+00,Saola Chemistry,95631243,ef9976b1807442598be8398081b3cc28,
36.77601822,-1.316151707,7930813000,15.625,clinic,2023/04/19 06:02:00+00,Beyond Zero Dispensary,135607304,89230d90966940f39f348077360beba9,
36.7454283,-1.28614332,8047604832,15.625,clinic,2020/04/29 11:26:23+00,Kenishi Medical Clinic,135607304,0ecb4936dc9149dd82ce5e52dd476a96,
36.88737382,-1.318039228,878847326,9.375,hospital,2021/07/04 08:21:30+00,AFYA MEDICAL CLINIC,5590201,60f8e731741c4717a6fd11092ecc50dc,
34.77494353,-0.084834373,8214402667,15.625,pharmacy,2022/09/08 07:59:41+00,Dopa Chemist,130032934,6049b62d8d524cbcb8daeb127b9c682d,
36.85565812,-1.265289564,4502112949,18.75,pharmacy,2018/08/20 09:44:48+00,Glory2 Chemist,64908216,a082915d03fa4c81bace36e04ad92162,
35.73206886,0.055391682,5817717027,15.625,hospital,2023/04/03 06:41:04+00,Eldama Ravine Nursing Home,61771146,96d35ba8e6c548e38c7fec1274fc44f1,
35.74217777,0.492407266,5817722224,15.625,pharmacy,2015/11/24 08:15:56+00,Lelbel Chemist,61817326,3a26429fc1ba4a14b142898adff390a1,
36.87561158,-1.251401254,1038219155,18.75,pharmacy,2020/04/28 12:50:27+00,Baraka medical centre,100224317,071b6eb3b5db4e2b98b442c14ac47d13,
39.78388463,-3.181585833,11290358689,25,pharmacy,2015/08/18 07:43:43+00,Chembe chembe,143149317,695bfdcdc347428aaec13bc834ea3aae,
34.76895323,-0.101895066,8214402683,15.625,pharmacy,2013/12/05 16:14:18+00,Makasembo Pharmarcy,132071234,3a6d70e1929f43e0990df55017c19852,
36.84551778,-1.265493664,8100968117,15.625,pharmacy,2021/07/04 08:08:24+00,Great,113752869,d231a776047341c2a4e6046257a1d0bd,
36.77935045,-1.300863954,5412286155,18.75,clinic,2020/12/03 13:32:14+00,Iran Medical Clinic,136014599,26b8d329aa4c46aeae67cb39abaa1845,
34.78385995,-0.083696781,8191000949,15.625,clinic,2019/11/14 20:32:41+00,Hapex Medical Services,135646803,80931746269f478d9b9772551b4bbc06,
34.78102167,-0.096525033,8190989660,15.625,clinic,2020/04/27 14:03:26+00,Roanne Deshon Medical Clinic,95232304,997ecb58b29e4399845ee42ec35fc86e,
36.88345293,-1.266619018,8476481218,25,clinic,2021/07/05 09:39:09+00,Jamii Wellness Hospital,100221208,e2159cfef6a146559255e9019b3ed14e,
36.81747034,-1.286156145,8415981918,28.125,clinic,2021/12/03 07:48:59+00,Bliss GVS Health Care (Teleposta Clinic),135966656,2e3883af1d58435bb7812a41cdf4318f,
34.77960412,-0.081901126,8214410017,15.625,pharmacy,2018/11/26 18:33:53+00,Hodos,95631243,e092bf82694d4df3b4887d0a4d0bbc6f,
39.93772893,-3.182508848,11290358732,25,pharmacy,2023/04/03 06:41:04+00,Eliud safari,143149317,9f11bad9265b4afc9324220f0dd4636c,
36.80283453,-1.315230033,612008709,18.75,hospital,2020/04/28 12:36:25+00,Rail Side Clinic,134436534,b0930ff1c19d4c83836828018592ff89,
37.61006235,-1.789362612,5588303132,9.375,clinic,2020/04/16 07:31:42+00,Prison Dispensary,75323440,39cf8ec0291c4fe796189d84a41d7692,
36.90138635,-1.297874381,8429588417,25,clinic,2020/04/29 10:14:20+00,Kware Dispensary,99399296,8ba6f3fe91e84ec08c5c091d4aefeda1,
36.91366693,-1.267503057,8429432017,21.875,clinic,2023/12/13 11:38:51+00,Kayole Outpatient Clinics,99396092,dd67f80dc91b45a9893584eeeea32624,
36.79660988,-1.316966428,612011505,21.875,pharmacy,2022/07/22 07:38:04+00,Carol Medical Clinic,134436534,cfa6c8fa7cb043e3904fd939bab598fe,
36.78074997,-1.307760081,7930787274,15.625,clinic,2012/03/09 09:00:38+00,Radmed Kibera Ultrasound Center,135395522,5b68c4e32e6d40dda233c83b1c908612,
36.84410057,-1.281146365,8415763017,28.125,hospital,2023/02/02 10:38:19+00,Care Hospital,99124864,78b9e0703d5d431ea41f46ccde66d2b0,
36.78428186,-1.314767604,612010343,21.875,pharmacy,2023/11/08 10:43:53+00,Mzima Chemist,63102011,bc6bcad226da429c9b0cd3c39861e470,
37.15983998,-0.721565983,3105367397,15.625,pharmacy,2019/10/05 16:49:33+00,Kahuro Chemist,64908393,6b0b1c7080bf4fb3b61ef144a749b77b,
36.18835964,-0.262673716,9841026329,15.625,hospital,2018/12/03 04:47:28+00,Sunshine Medical Plaza,122749774,b08a2b35a1574bbaa162fe0e7fda03eb,
39.71166632,-4.032071648,3848602473,12.5,hospital,2020/04/28 12:30:58+00,Gertrude's Children's Hospital,145849911,daaf6b4241e4447dabea609437930691,
36.74840647,-1.291710748,8074036802,15.625,pharmacy,2023/05/23 10:02:59+00,Galex,93408841,d911b6c3d51b41cf8084333ea267d486,
35.84610323,0.324059926,6807606395,15.625,clinic,2023/05/08 08:11:34+00,Sereton Dispensary,75303433,a2671102d6cb4bd1a14645e8e185092c,
39.57803246,-4.307795945,5301189193,15.625,pharmacy,2020/12/10 17:00:58+00,Ken's Pharmacy And Cosmetics,140474504,73a1b14d88f444ca8de2f7eb8b607813,
36.8063753,-1.265313872,5552269195,25,pharmacy,2023/05/02 09:28:28+00,Ram Pharmaceuticals Ltd,63092703,1aaed87e14db41ea95b79688fff518fc,
36.85529845,-1.262037302,2379875645,21.875,pharmacy,2023/05/02 09:28:28+00,Baraka chemist,19292003,6b1eb0ac40964a058bdfe644328fde5e,
37.70672597,-1.052134246,1367802448,9.375,hospital,2010/08/25 14:20:03+00,Mikuyuni Dispensary,83646959,bea950f7e51d4d3ea686b2e7d9a6cd34,
36.8440486,-1.279735104,8429563117,28.125,hospital,2022/10/10 06:43:51+00,Health Gate Hospital,129184587,3c019071eff14b74a03b818737115cae,
36.8615677,-1.263136002,1103092401,21.875,pharmacy,2022/12/13 11:39:52+00,Boodad Communicatiion Lifeguard Chemist,64907523,478bea29bc3c4e2fb739725d781f2045,
39.70048452,-4.043919635,3848642520,6.25,pharmacy,2018/11/26 18:44:26+00,,35483363,fa4e22df61a24583b8c13edfd2fc2365,
40.12302917,-3.16021441,11290358712,25,pharmacy,2021/09/17 07:40:49+00,Oasis Community Health Moi,143149317,e6a309229c6140169fdef7672969a3fc,
36.78349052,-1.306592147,612009265,18.75,hospital,2018/08/18 13:55:19+00,Mareba Medical Clinic,135607304,bf085c085f4e48cbbb639480bb451b6c,
36.74565997,-1.286101746,8074036757,15.625,pharmacy,2020/04/28 11:05:01+00,Titan Chemist,93408841,3fb8279e53304b989090a1af9937a674,
37.83763697,-1.473556976,7549451145,21.875,hospital,2018/08/20 09:44:51+00,Kiusyani Heath Center,85625753,1710340919834d83aef35868e0f8534e,
36.90345215,-1.24766041,8962970093,12.5,dentist,2021/03/01 18:18:56+00,Dandora II Health Center,123180197,eca5482554aa4c61b16a6fa3e7bb9804,
36.87122876,-1.31736482,1437347851,12.5,pharmacy,2023/10/26 08:03:54+00,Lagos cilinic,9341092,54c393ec24e04a80940ba9bd52602e56,
36.80790927,-1.29572635,5383793260,21.875,clinic,2023/02/04 10:58:58+00,Precise Diagnostic Imaging,56036617,5b0d385661ef48e5b2359e80b8528412,
36.77557189,-1.311148633,708731820,25,pharmacy,2021/11/14 07:09:04+00,Ja dunga,17586567,f30544f0d7204cbab2d497a9ed3076ac,
35.96659476,-0.408403161,2117920159,9.375,doctors,2023/05/12 11:38:57+00,,14698255,1ff8c99e838441ebb8a498b3c9695e00,
36.89226348,-1.316554458,949598225,12.5,hospital,2023/05/03 07:50:45+00,Huruma Nursing Home,56694932,ff50875879054991bd08299a36a47cb0,
36.85932193,-1.261735973,8032765485,15.625,pharmacy,2020/12/03 14:22:33+00,Shemile,113752869,8456c39d8c1845c3a69434db58ec9c9f,
36.77948456,-1.315147807,1727588883,12.5,pharmacy,2021/03/01 17:11:37+00,toresh chemist,136449098,77f0c71b45f64c8ba954c80d55763273,
36.77413187,-1.310505909,2433643012,12.5,pharmacy,2023/05/11 08:50:31+00,ramogi chemist,135608976,90585dc25d98470dbb48a3ba32db2cd0,
36.77854185,-1.314126975,4965724936,18.75,clinic,2020/12/10 17:00:58+00,Beyond Zero Community Clinic,72498627,4fbdc40c4299454b9753625e0ee7a18a,
36.88049999,-1.309040081,8894592644,12.5,clinic,2019/01/30 15:09:49+00,Cana Family Health Center,107429683,1dccef5242d34bb9a0677406d50f82da,
39.65231498,-0.484577058,11364707382,21.875,pharmacy,2023/10/26 08:03:54+00,Al Baitul Tiiba Pharmacy,144257155,134b74a0b3d04f0fa49e446477a44523,
36.78622663,-1.307525052,7930813008,15.625,clinic,2015/03/07 17:26:42+00,Chemist,135607304,8b389e4c0a1749cbbb35fe80ce005d34,
36.80980492,-1.234711041,9545847827,28.125,dentist,2020/04/17 08:56:15+00,Rainbow smiles dental clinic,127113766,bc41cbf2ff14462990435de6960562e3,
39.44572655,3.196408978,3697007910,9.375,clinic,2023/04/03 04:49:06+00,Ogorji Health Center,33336798,537a46c236be446aaa09b0e8987517fe,
36.83088172,-1.275737523,5475093964,21.875,clinic,2019/10/05 16:52:48+00,Taiba,57138104,826069ea013f4b7bb17b58d5549b2235,
36.92121299,-1.224931958,8476489518,25,clinic,2015/08/25 08:43:50+00,Jekam Medical Centre,100221351,f519f9c90d3e4b1ab57d41bf87d2a768,
36.79239562,-1.310599535,612004989,18.75,pharmacy,2021/02/16 18:14:18+00,community chemist,134493322,206edae5d7b6412b9ab3efc1f138509c,
36.83992906,-1.309262872,3856068142,9.375,pharmacy,2020/04/28 12:30:58+00,Imara 2 Clinic,35546881,f47668fc2e79420aad84e35ab0b3c7ea,
36.87462972,-1.315903519,1437348030,15.625,pharmacy,2021/02/16 17:02:17+00,Rueben Medical Clinic Pharmacy,10807878,ed2528303dfc4293a1c46fc57288463e,
36.83629098,-1.308710002,3856033696,9.375,clinic,2023/04/03 04:49:06+00,Imara Clinic,35545285,cee9b28adf13443f94a6387cae361dfa,
36.80242725,-1.260623778,6969796486,9.375,pharmacy,2022/11/03 05:06:43+00,Goodlife,144014851,93f7419a4c49414db073845c412ec516,
36.88839993,-1.25364006,8891997082,12.5,*,2023/04/26 16:59:11+00,Faith Healer,107380437,1f01558278a74b5fb91576e26059e533,
37.01288837,-1.096483315,3380505901,9.375,pharmacy,2021/02/11 17:31:58+00,jkuat hosp,29211867,7ee886f96b7840709890cbdd2acf1486,
39.66483855,-4.050913747,2377333434,15.625,pharmacy,2022/04/06 07:53:57+00,Makupa Chemist,145614100,2716b72e9bf145b88a80e073fb05e987,
36.79452555,-1.31127981,612011361,18.75,pharmacy,2018/10/01 17:45:34+00,New Life Herbal Clinic,134436534,fcfc05f64c3849458bb7b461ae480dbf,
36.88724147,-1.254545557,3723146927,9.375,hospital,2023/05/11 10:04:58+00,lema dispensing chemist,33703895,3ef6c38a0e8a4b968b083c040c88bb45,
36.77934324,-1.312481775,7930813009,15.625,hospital,2022/05/17 07:51:00+00,CFK Maternity Home,135608976,e36780cd94bd490d91f6c457ab07880b,
36.77823406,-1.317927413,612007539,25,hospital,2018/11/26 18:50:19+00,Wema Clinic,136014599,c620afee4a1d4122869c613ab4949a02,
34.75512494,-0.120853339,8214402692,15.625,pharmacy,2015/09/06 07:53:36+00,Kilo Junction Chemist,95631243,072b037f187c4fa6a172976018c5ff5f,
36.79670878,-1.317090313,696774091,21.875,clinic,2022/06/23 09:36:24+00,Gemkam Medical Clinic,134436534,a933fb76655447a2b78a39ee81c245c0,
36.84548827,-1.26573171,7952200604,18.75,hospital,2016/07/01 13:45:51+00,Glory Hospital,93792226,0962e79e09d740518ac0ff290c2f1df4,
36.79238003,-1.312022446,698541835,21.875,hospital,2024/01/03 18:05:03+00,Frepals Maternity,134935097,4fed193f9d844f7783a346234859b41b,
36.80597498,-1.295706066,8421000017,21.875,hospital,2020/11/02 09:38:34+00,Frontline Medical Consultants limited,99224114,fa14c88fbd804d149bbfdbc9363868ff,
36.87341015,-1.255185935,2388299297,25,pharmacy,2019/10/04 20:36:46+00,Drugpot dispensing chemist,100224317,b029c0019f754b3d89d891af4f44050e,
36.79510809,-1.316341641,701797857,21.875,pharmacy,2020/04/30 12:11:48+00,community chemist,134493322,59d327613ada44569b9771a2997a81bf,
36.7923911,-1.312037031,698541837,21.875,pharmacy,2023/08/28 04:12:18+00,Meru Chemist,134935097,9c49bde008d548dd9cb3088e95fdb630,
36.85768277,-1.261795903,8006237485,15.625,clinic,2018/10/01 12:20:47+00,Undugu,92465079,5c87334e9ddd4c40a38467c0e95f59f2,
36.84549942,-1.265466423,8100968417,15.625,pharmacy,2013/12/05 16:13:53+00,The great,113752869,a0e9febaa04d4bb282e3cfae48d22b64,
36.89042097,-1.259848955,8963037627,12.5,pharmacy,2020/04/27 13:01:40+00,Jerusalem in Dandora,108889610,f30a0fb56fc54545816b9182ec8a9c7f,
36.88782175,-1.325066616,878845728,9.375,hospital,2020/04/16 11:52:27+00,Proposed Health Centre,10503199,db869654657d44a8ad05e4a9d50c9705,
37.62816156,-0.230264416,651910906,25,hospital,2022/11/21 08:14:11+00,PCEA Chogoria Hospital,94346914,70267ff44a7f4f6f94a678171bb86ebb,
36.75972347,-1.284745303,5339103764,12.5,pharmacy,2018/11/26 18:19:43+00,Patan Chemist,135396311,d896a8e20baa4aff81ec09e2acd6fc76,
36.75333595,-1.297934982,8074036736,15.625,pharmacy,2015/11/21 10:07:16+00,Wa Ann Pharmacy,93408841,17a49f244eb14e9cbea97566d7294011,
36.98572346,-0.438260925,1170757964,9.375,hospital,2023/10/26 08:03:54+00,Thunguma Medical Clinic,7384591,671afdeb86764b358b77ca280c07eba8,
36.88584068,-1.252673962,8963037628,12.5,pharmacy,2023/05/02 09:28:28+00,Bluerace Chemist,108889610,8fa061ac01bc4cd2a58213a4da639741,
37.53722168,-1.815581708,5588170686,9.375,hospital,2020/11/02 09:38:34+00,Nziu Health Centre -Maternity wing,75323440,1e4bcc98871243b384146cd31ea738a4,
36.88929344,-1.330110929,6208216873,18.75,clinic,2020/05/22 18:00:36+00,Gertrude's Children's Hospital,66307782,b4a265aad89f48bebac567f40cce1d92,
36.80152125,-1.263305736,11399675222,15.625,hospital,2022/07/04 09:08:46+00,Vital Rey Hospital,144857738,d9d37977435243f689a1d55a1536e019,
36.87839998,-1.309320037,8894592641,12.5,clinic,2016/11/17 00:53:09+00,Access Afya,107429683,67275c02197d4d30b4c32985a1c0c129,
36.87558123,-1.31914698,1432508036,12.5,pharmacy,2011/09/19 10:20:42+00,Paradise med clinic,9297611,165a7024242e48dcb7d2bbb4e0b36d25,
36.87995407,-1.257711821,8962922300,12.5,clinic,2023/01/18 18:40:29+00,Catholic Dispensary Kariobangi,108887077,8b612e06aad841459fe13d00da04f9bf,
37.35871774,-1.111361361,9984073588,9.375,pharmacy,2018/02/03 18:38:46+00,Yatta MCF Dispensary,125495135,2d44135716d64bea823045d25df8dbdc,
36.86429995,-1.312460066,8894604379,12.5,pharmacy,2013/08/30 10:39:12+00,Kingstone Clinic,107429931,83ccd065932c4eab9a0721254f96e6ea,
36.78018998,-1.316215074,7930812990,15.625,clinic,2013/01/18 16:30:22+00,Tabitha Medical Clinic,136014599,2c887a51a3764d3799b4811f76b26757,
34.55825935,0.580824861,6236062123,18.75,clinic,2018/02/26 16:07:28+00,Kory Family Hospital,66630734,4c2b02743f7a465babf30ca8b4502dc1,
34.77606888,-0.083104767,8214402663,15.625,pharmacy,2021/11/14 07:09:04+00,Rivers Chemist,137618919,e4f81d55b1fc4de08c09a8abb16af0b8,
36.75004497,-1.288768365,8074036789,15.625,pharmacy,2023/05/23 10:02:59+00,The Sama Chemist,93408841,4acc7f2cbb3547858df2d895dc8676fd,
36.809344,-1.294654305,4905830422,21.875,clinic,2023/05/02 10:09:37+00,AAR Williamsom Health Centre,145287986,c366c216e403417797039e1a7efdac23,
36.79902923,-1.31794862,708750143,12.5,pharmacy,2019/07/22 05:09:46+00,Kisum Community Pharmacy,134439265,d7e0b9343e2f40d39f85485f58bde07d,
36.81691244,-1.260888814,5340923453,18.75,clinic,2021/07/05 09:34:43+00,Mathura,65528119,091d1de623d4437eb31c35c1ca9c022e,
38.23631666,-1.047850507,6244567552,9.375,hospital,2023/11/20 17:57:19+00,Mathuki Health Centre,66740351,2028d59085f240b089a1a7cfede33026,
37.54327274,-0.835661539,3283879911,9.375,hospital,2023/05/02 09:28:28+00,mbondoni dispensary,28929411,d0fcda52acbc465b8794942dd7101a7b,
36.90038739,-1.248299614,8415981917,28.125,clinic,2022/10/06 18:13:19+00,Dandora I Health Centre,99128968,f691ef57bcf34851bd53eae311b89861,
37.42364488,3.127321141,8091849200,9.375,hospital,2015/08/14 13:59:46+00,Kalacha Referral Hospital,93720322,ec600eccbfb04fe69d61c388e387fa2b,
36.89659492,-1.313282666,8120540042,18.75,hospital,2018/03/13 09:08:58+00,BRISTOL PARK HOSPITAL FEDHA,97493188,9ad6c5fc5f024e9fbb620f16ba09276b,
36.97149292,-1.288975901,9800982577,12.5,hospital,2021/03/01 17:14:19+00,Mediheal Utawala,122058381,e210157621df45138fd31148ca271b27,
37.62825669,-1.78560006,5588006402,9.375,clinic,2023/04/04 12:13:47+00,Sunshine Medical Clinic,58848349,9791ba972d6443e785dcd8844f19b0e4,
36.77731918,-1.311703767,696655693,21.875,pharmacy,2020/05/01 07:22:30+00,Pollar pharm,135607304,2eea4af812aa4ab194059a930bdf48e4,
34.78427326,-0.079433326,8214402707,15.625,pharmacy,2015/11/24 09:59:22+00,Daestate Pharmacy,136684237,642b165e062742cc96d08fceeca9e224,
39.56722852,-4.280590048,1458463455,9.375,clinic,2012/02/27 12:13:53+00,Pendo Medical Clinic,27707823,93b19dd261614b56997e39c4cae05274,
36.89370735,-1.318341228,8415873217,25,hospital,2021/02/02 17:29:21+00,Afrismart Group of Hospitals LTD,99127736,f5808c4982a54ac7ad288ed5803948d1,
34.53798453,-0.487088025,10006564971,28.125,hospital,2020/04/28 12:30:58+00,Meditrina Hospital,125903251,94be0d50a5434258b8300d41586cba54,
36.66469808,-1.244701766,7321424685,34.375,clinic,2015/11/24 08:15:56+00,Plan Med Health Services,82515938,fafed26d24c848e78750af1ed613a9eb,
39.66478105,-4.037185782,6022279679,15.625,,2023/11/14 15:09:35+00,Microbiology and Chemistry Laboratories,63977914,422c1f1c396e49029bb74e9adedbadc8,
36.84465612,-1.31180393,8429583019,28.125,clinic,2021/07/04 08:44:18+00,Lengo Medical Clinic,99399589,f531aab937624090a8467081c14f4b4b,
36.77532487,-1.311079063,7930813012,15.625,clinic,2015/03/02 23:51:56+00,Rosade Pharmacy and Clinic,91281159,944e963ba9184dbfbaa914095f840510,
34.73732496,-0.144200208,8190981865,15.625,clinic,2020/04/17 13:31:44+00,Dunga Dispensary,95232783,fd4dea2996a2489d8854e8e0705f600c,
36.83928156,-1.308361315,3856130857,9.375,pharmacy,2023/12/28 11:19:07+00,baraka chemist,35546881,52df493219bb43b284575a117f3d662b,
36.84569162,-1.265786779,7952200590,15.625,hospital,2023/04/03 04:49:06+00,Mlango Kubwa Health Centre,91659564,f67a55d8e65e4cb09b1bd8539a4e7349,
36.87344326,-1.318999375,1432508108,12.5,pharmacy,2015/08/31 13:31:27+00,wadani hospital,9297611,927224aefc6747ee96e21830843cbf86,
36.86461494,-1.259544943,8032765486,18.75,pharmacy,2019/10/05 16:49:02+00,Likened,113752869,1fa2e4fa6c3b4f658e29dab6a0f823df,
36.85471323,-1.263663308,7952200603,15.625,hospital,2023/05/02 10:09:37+00,Muradi Medical Centre,91659564,3d529a8093204df78896631d8ac72e6c,
39.56661748,-4.281083155,1456881709,9.375,pharmacy,2023/11/24 09:50:38+00,Atlas Phamaceutical,64521560,414837a4eff444eb9270639b9a89ecf7,
36.75015167,-1.28975173,8074036741,15.625,pharmacy,2022/02/04 08:07:24+00,Galena,93408841,f33026e0e6f84bc1a71f211d5ded391a,
34.70855668,-0.062400042,8190978362,18.75,hospital,2023/05/12 11:38:57+00,Kodiaga Sub-County Hospital,95359791,3d0205d50cde44e5ae2d235e2fc00023,
36.87449594,-1.319547635,1432508020,12.5,pharmacy,2020/12/10 17:00:58+00,Mwa medical clinic and maternity,9297611,8e346446d67f4c0682e0b48c65a7c0a5,
37.15707379,-0.720705748,3105367388,15.625,pharmacy,2020/04/30 13:10:26+00,Flovins Chemist,64908393,78b1e154bd06475c8c556c6cb34ddf93,
37.62783609,-1.784172538,5588163884,15.625,hospital,2023/04/03 04:49:06+00,Makueni County Referral Hospital,75323440,7eec7c523c9f4852b86db96aeed43454,
36.7972464,-1.312919226,612008952,18.75,clinic,2020/11/09 10:53:38+00,St Paul Medical Clinic,134493322,43b13a8e36bf4cb598d95f0187635717,
36.9727891,-1.290155821,9800982566,12.5,clinic,2023/04/15 10:44:49+00,Gibbos Clinic,122058381,6b9f7d8b52084265a5e8d59142654579,
36.76230803,-1.275815307,8074036796,15.625,pharmacy,2021/02/13 18:07:16+00,Mac Olben,135607304,36118e4c719741d499962c01255bd38e,
37.16016395,-0.720462841,3105367422,15.625,pharmacy,2021/03/01 18:18:56+00,Mwanjo Pharmacy,117059766,ca2c10ab1ab149f4a15fc783c2d0c9e6,
37.04747278,-1.438114601,4340487489,9.375,clinic,2023/04/04 12:13:47+00,Clinix,41313076,0fc35ce745c848aebe6af0310214727f,
37.15993864,-0.722497548,3105367379,12.5,doctors,2023/04/15 10:44:49+00,Counselling Services,64908393,1b81ac9a3f2b4cc98f9abbdeba79d7aa,
39.67156344,-4.067497678,4107841600,9.375,hospital,2020/10/14 10:12:48+00,Pandya Memorial Hospital,38408462,e2f7e438b29b49a6ab3042bff647543c,
36.78284889,-1.314560738,612008801,15.625,clinic,2013/08/28 14:14:55+00,St Knight Medical Clinic,135608976,30fc0143b14e44a0ab292f7c19a6d8c0,
39.95201722,2.540533772,3702342279,9.375,clinic,2021/11/14 07:09:04+00,Sarman Dispensary,33407922,8271d75121b74d79bcb2abd1f71f4ab7,
40.05931447,1.750788676,10008199618,15.625,pharmacy,2021/07/30 12:02:35+00,SOMCARE HOSTIPAL,125928577,6f7b5890100643cbbdd81641e8860149,
36.78284813,-1.307753208,698467045,21.875,pharmacy,2020/04/28 08:54:35+00,Beienish Chemist,134935097,f3255a6a506e4cb1b6d43cf0f017797d,
36.86317996,-1.30838051,8963780228,12.5,hospital,2012/01/26 13:35:14+00,Coptic Hospital Lunga Lunga,108902476,5fc289188ae947bb912662840013a4e2,
36.88515697,-1.227220804,8962983525,12.5,hospital,2020/11/18 09:35:07+00,Ruaraka Uhai Neema Hospital,108888325,fc1771f1bd184ddbaea75cf5f4e668b5,
37.62712606,-1.783676161,5588163890,9.375,hospital,2019/02/01 12:47:28+00,High Dependency Unit,58872036,9bd115fcfc9e45fc983cd638e1d0ef2f,
36.79751127,-1.317186034,696864912,21.875,clinic,2023/04/26 17:25:10+00,St Knight Medical Clinic,134439072,0175857df07748c59dfffd48418aba57,
36.86468417,-1.260197977,2378857100,21.875,pharmacy,2019/01/31 11:36:44+00,Pharm care chemist,19292003,f25f9d168e6a462f86631df8bf8c3e6f,
35.86035825,3.534667219,7068927187,9.375,pharmacy,2020/11/02 09:38:34+00,Medseth Medical clinic-Kalokol,135792793,aa40e63e94c3468aa0ca78d0aeebeea9,
36.87445689,-1.257507051,1111566368,15.625,pharmacy,2011/02/24 19:35:31+00,Dispensing Chemist,100224317,36811f0206694a77b580ba455543c986,
36.86719992,-1.312180026,8895109505,12.5,laboratory,2018/11/15 13:46:46+00,Modan Medical Center,107443189,2f9186da10a6490ab410cefa7879666e,
36.87584744,-1.316203759,1432508057,12.5,pharmacy,2021/07/30 12:02:35+00,St. Mathias medical clinic,9297611,e46b628fb80942b3989700f2244461e8,
36.78379897,-1.308213374,698467060,21.875,pharmacy,2019/10/05 16:52:48+00,Wananchi Chemist,134812930,98e77a285a95413ea6183bad24281a77,
37.54367264,0.285785725,3003032035,9.375,hospital,2019/01/14 16:53:10+00,ntirim dispensary,28131535,9015f1731a0449118b44c36f3900a494,
40.25543382,1.878135266,3702840517,12.5,pharmacy,2023/12/07 08:47:50+00,Dasheq Dispensary,33414573,c42dd0cff9354f48a0a02dccb00e8c16,
36.83533402,-1.308438848,1500016752,9.375,pharmacy,2021/07/05 09:34:43+00,,35531840,b9a03337a78241199398111634c07b44,
36.86349822,-1.262991749,7952200596,15.625,clinic,2011/09/14 09:40:36+00,Villa Medical Center,91659564,6e9fcd1c427c4efebaa2c03c4b3a6eb1,
36.83707695,-1.309261028,3856033710,6.25,pharmacy,2021/07/30 11:25:52+00,,35545285,a1167aea993e4fadb5293665eed43ce0,
36.75751693,-1.3407826,7501513238,18.75,clinic,2020/04/16 07:18:59+00,Jubilee Centre Karen,122884027,c07d8c9484a14c018b66195b05a4e600,
36.84472837,-1.283857324,5076033821,9.375,hospital,2022/08/28 20:52:44+00,"Melawa Road nairobi, kenya",51679410,f7b4c36d595847d993c55805ed27ede4,
39.56575892,-4.284771779,1457762149,9.375,clinic,2021/07/05 09:39:09+00,Ukunda Medical Clinic,68741530,6c3de00f7c6a403d902b02a6c077b082,
36.81569773,-1.259882231,8416211717,21.875,clinic,2013/07/26 12:25:00+00,Dr.Stephen Kamore Wanjohi,99131013,38f065dd922f4d4eb6e0c13d6ddfe658,
36.96458783,-0.425533508,11389724570,9.375,hospital,2020/04/30 08:43:26+00,nyeri morgue,144689920,d15115c160044fb697ffa3671b67e61b,
36.79431608,-1.311393301,4965351016,21.875,clinic,2023/04/12 11:38:38+00,Herbal Clinic,135222931,9aba87fc91f94882be8a60edee7e0083,
36.89552078,-1.241655447,2405836284,12.5,pharmacy,2023/05/12 11:38:57+00,Powa,17202436,b0930e62804f465287a6ec06250951b4,
34.76806836,-0.099635641,8190821349,15.625,clinic,2020/04/30 10:03:30+00,Little Bulb Clinic,95229807,00f1ea9932f54dbd9a07b5598b0b09c8,
34.77619126,-0.083090183,8817488043,15.625,pharmacy,2020/04/28 10:12:40+00,Pharm Best,137618919,2c02297d54254affa9e177bc824885c0,
36.79233754,-1.312194359,698541828,25,pharmacy,2019/01/30 13:40:08+00,Community Chemist,134935097,145ab5d90c2344b8b4416b8cebce72e0,
36.90987998,-1.309646009,8415959119,28.125,clinic,2019/01/25 12:47:53+00,Bliss GVS Embakasi Clinic,99128772,207507a52bc14a13854032ba75f5efec,
36.66447395,-1.244578301,7321383085,34.375,pharmacy,2023/06/21 19:12:35+00,LUC Pharmacy,82515938,1e6b35a24e944086a404994482f7569a,
36.87039996,-1.310690059,8895124060,12.5,hospital,2020/04/28 08:34:22+00,Melihep Medical Clinic,107442924,1761db26a227488788c2d578f8e363a1,
40.26533008,2.975921842,3702436357,9.375,clinic,2020/11/02 09:38:34+00,Bur Mayo Dispensary,33408690,584eee8199624561b0d09b92d75bceb4,
36.82057919,-1.261471105,8415948117,28.125,clinic,2020/04/17 13:31:44+00,Agakhan University Hospital Valley Arcade Clinic,99128355,a052dd26533d40d68152b76d9fb4444c,
36.81969582,-1.291958601,8415744318,28.125,clinic,2020/04/17 07:52:26+00,ABRA Health Services,116986728,be9863903a6943c08b99555827439e97,
36.86224278,-0.862963577,9779025431,15.625,hospital,2020/04/17 12:44:24+00,Gatura Dispensary,121649786,6566f2c607b343e69ce5bb485833c299,
34.78452237,-0.079085058,8214402706,15.625,pharmacy,2023/12/19 11:44:47+00,Daestate,136684237,c3f42a7be2e24925b498c1caffd6454b,
36.88839993,-1.251230011,8891997078,12.5,*,2023/04/03 06:41:04+00,Traditional Healer,107380437,5815f37bdaeb43239161b286df07a695,
40.90256318,-2.27105835,612932019,9.375,pharmacy,2018/12/16 18:02:43+00,Ibnusina,3609705,03eb3368ed6a498ebd6312e9c231b2a0,
36.66246053,-1.245578849,7321538986,37.5,clinic,2019/01/29 14:30:20+00,Agha Khan University Hospital- Kikuyu medical Center,82517518,aec257b43b4a498d97137817eae79b61,
36.82245723,-1.300189127,5378414084,15.625,clinic,2015/02/18 10:57:03+00,Mediplan Clinic Ltd Health Care Consultants,135998365,52288b9339044d9da5341e2eba33fd2e,
36.78135146,-1.314523523,2456557497,9.375,pharmacy,2020/04/27 12:43:15+00,,136449098,3fb6705002e74e8fabedaa410c762b91,
36.86447253,-1.260364442,2378857095,21.875,pharmacy,2021/02/11 18:41:09+00,Giant Foundation Heath Service Chemist,132257188,46dfb7990dcd4ca4a064b7e688e181ad,
37.42739494,-1.66662171,5702426113,15.625,clinic,2020/11/07 20:50:42+00,Katilini Dispensary Mbooni,134222482,940b2f3b4c7f42348c597bac2f64c738,
36.82388853,-1.292476938,5555704220,18.75,clinic,2018/09/13 12:59:55+00,Ngaira Health Center,135796130,92d7c7604c04477facba5aef658b7374,
36.87590578,-1.318667619,1432507883,12.5,pharmacy,2021/01/14 11:40:13+00,Caprikema medical chemist,18041959,af5adcd3b5c544c3aa4f3eeb42c9468c,
36.78326957,-1.306886268,855145933,18.75,dentist,2022/06/07 08:12:22+00,Kibera human development project clinic,135607304,446b7809a07149b285c736141631bbcf,
36.91190329,-1.363962083,6208217707,18.75,clinic,2018/05/10 12:00:28+00,Medicross Clinic,66307782,76104e6692a94d51857ebca9cfff9bb2,
33.98973304,0.07143565,11586713083,21.875,pharmacy,2020/04/17 10:30:41+00,Zion pharmacy,147149821,7386f72ac413441da0f9120238cabb9b,
40.14640202,-2.864200627,11290358738,25,clinic,2015/03/07 17:26:41+00,Kijanaheri medical clinic marereni,143149317,9ae10b1ff8954a90923d233816f16d49,
36.78681336,-1.309689008,612007120,25,pharmacy,2020/04/16 10:42:30+00,Alshariff chemist,135966656,ba6991a7d8a34c029fdbf13528c31e5b,
34.74593276,-0.080834361,8214402712,15.625,pharmacy,2018/09/18 23:39:06+00,N/A,95631243,c93f6e504fb943c5b1ec4c7462ba07c8,
36.66300234,-1.245015668,7321526376,50,clinic,2023/05/02 09:28:28+00,Premier Medical centre,82517310,b6536794971a474b960315836f0bfa2c,
35.30791313,3.953024183,3278257060,6.25,hospital,2023/05/29 07:47:47+00,,28017945,8ade85ef24eb4cf892735212a960f135,
36.89169988,-1.251690765,8891997076,12.5,*,2019/03/04 09:12:18+00,Faith healer,122448650,a41146d98863437cb6598a9d97c02b7b,
36.86341004,-1.282275826,8415804517,28.125,clinic,2014/12/26 13:03:20+00,Access Afya Kiambiu,99125677,d1561aae7b834b02b043b2a9ce9d9684,
34.0277718,0.09169404,11586713092,21.875,clinic,2021/02/11 18:11:30+00,Al Hakeem Med care clinic,147149821,1f3bd214bf8447558a4847e08972b146,
34.75942913,-0.117129762,8214402690,18.75,pharmacy,2020/04/30 12:44:29+00,Tumaini Pharmacy,140580704,6b333f32339f43f38e8dd0b7a3ade58c,
40.27040775,2.978065178,10035948735,12.5,hospital,2017/03/24 18:48:01+00,Burmayo Mandera Dispensary,126359700,ce54ac34035d4929b650776fb4f5aa1f,
39.56658597,-4.28128474,1456881784,12.5,pharmacy,2022/09/07 13:44:56+00,Otieno Chemistry,9486360,928c4d3d9a4445098de0815bb2e7a52a,
36.78323538,-1.224334328,9447164682,12.5,hospital,2020/03/23 09:52:06+00,Nairobi Adventist Hospital,116579852,26b0883dfc764a73a7bf282b33abbfb3,
36.77597313,-1.316390927,4963527055,18.75,clinic,2018/10/29 13:23:26+00,Beyond Zero Community Clinic,135607304,ab94c78fbc974aa79b0fcdb309adde49,
40.2052802,2.747260254,3702436371,9.375,clinic,2021/02/16 18:22:19+00,Ogaralle Dispensary,33408690,a0a4df12ebf54d4494b8ffb5eb347a1f,
38.23122357,-1.252749231,6303096758,9.375,hospital,2020/09/22 09:36:09+00,Itiko Dispensary,67576832,a008f8cef7bf4b04bf33558da46a50b8,
36.79779239,-1.311926725,612008488,21.875,clinic,2020/12/03 14:32:18+00,St Mac's Clinic,50374122,ca2818a738b042b780ff8aa0376c9e7f,
36.79631106,-1.312608928,612008968,9.375,pharmacy,2015/11/24 09:58:33+00,Godled Medical Center,134436534,9049e2a94a994b26946f245798d659fb,
36.88494759,-1.248558867,2405823306,9.375,clinic,2020/04/30 11:15:13+00,St. Florence Medical Clinic,17201651,1e096415c079450fa03889b4d891ac65,
36.85061632,-1.264548353,8047415785,9.375,pharmacy,2020/09/28 17:45:03+00,Prospect joslin,93064517,f3472aab66c14730a7d2fde7b3a51e49,
36.81151139,-1.289783832,5383781991,21.875,pharmacy,2011/09/14 09:40:42+00,Haltons Pharmacy,134936527,83dd02c9b8ab4f229b795eac198d10d2,
36.84798122,-1.314240633,1500016842,9.375,pharmacy,2021/11/14 07:09:04+00,,35461382,295179f3bcfd41599399a52398ab439b,
36.84654993,-1.265768339,7952200609,15.625,clinic,2022/05/14 16:01:21+00,Curex Pharmacy,91659564,8f2e6e5d6695402f8451be71f262b0b3,
37.57610935,0.357089821,3283811136,9.375,hospital,2020/09/28 17:45:03+00,anglican parish dispensary,28842235,9c9ec27d331842fba06fd7bb5175357b,
36.87459996,-1.310090083,8894604391,12.5,pharmacy,2018/11/15 10:10:09+00,Flodo Medical and curative services,107429931,71e20ecaea1449238e6f8256b040e46b,
36.88870595,-1.315000034,8415822217,25,clinic,2020/04/30 13:24:20+00,CIDI Mukuru Clinic,99126692,1566e87661074d6581727a566e608c09,
36.81962348,-1.291835303,8416368117,25,clinic,2020/11/02 09:38:34+00,Blessed to Bless Medical Clinic,116986728,dfcc8ee185e2498192da71c25b086d0d,
36.77617823,-1.314403661,612007202,21.875,clinic,2020/12/06 09:57:28+00,Senye Clinic,135607304,305db4c44b4c46609b77ee83fb9ddb00,
36.80445232,-1.231742422,5352705127,15.625,clinic,2019/01/30 13:40:07+00,Migration Health Assessment Center (MHAC),55629236,d3288a5337884298b7d363e8650ab3de,
36.86566628,-1.260478603,2385083681,21.875,pharmacy,2011/09/14 09:40:35+00,Rocks medical clinic,19292003,c514c13db48d49b68b54f5a9ce3d95a9,
34.78444769,-0.09515895,8214402675,15.625,pharmacy,2018/11/26 18:50:19+00,Lifesaver,95631243,8e9a1e33bd2d4cddb2f2062425b0946d,
36.79398626,-1.312092352,4965328915,18.75,clinic,2019/10/05 16:52:48+00,FHOK- Family Care Medical Centre,134437531,4496cc632707415d908005c0aed3b746,
40.05685748,1.744290438,10008301317,15.625,clinic,2017/10/13 20:21:43+00,Al hayat Medical Centre,132795490,29348f11bd5449fe854745a35bfd1162,
39.46527005,-3.626615522,3421461741,12.5,hospital,2023/04/04 12:13:47+00,maryango dispensary,30194481,47188d56427240a0b9eb5512d258c921,
36.83504777,-1.316821337,2145336812,18.75,pharmacy,2021/09/17 07:40:49+00,Inkamed Pharmeceuticals,145849802,94f1fc3c6da94b15b86757da2213bcf7,
36.98689685,-1.276061483,8416309117,25,clinic,2022/06/07 08:12:22+00,Best Health Care Community Services,99131795,ed45950443b64f738da4f7e0ae7fe4d9,
36.86194178,-1.258387738,8021720087,15.625,pharmacy,2022/12/30 07:38:55+00,Dawa house,92703521,3402e2c815524edb96a854811f1094c6,
39.59194776,-4.193968527,5297589972,6.25,pharmacy,2023/05/02 09:28:28+00,,54815501,f9c20667378148d3abc935700d49af0d,
36.77357699,-1.311116027,4963467522,25,clinic,2022/02/05 20:21:35+00,Chandaria Clinic Shofco,135203211,138c1d0b88b544d2ba005be689e8a542,
36.78837868,-1.310879323,708685449,21.875,pharmacy,2016/08/07 22:23:32+00,Mt. Kenya Chemist,135840728,c9b138f68d3f4ed3977d45c839311ea5,
39.89255257,-3.182602809,11290358731,25,pharmacy,2020/04/30 11:05:47+00,Jilore chemist,143149317,3b12e438d85b40278770912eae444b8e,
36.876015,-1.255528922,1111566426,15.625,pharmacy,2020/04/30 12:40:15+00,MEDINA CHEMIST,100224317,ef4e5d57589f4b849d4ca9a7b31285a0,
36.79388316,-1.311924462,612008958,18.75,pharmacy,2023/09/14 12:07:48+00,St. Edith Clinic,135840728,d6b430fb70824af892567e74e4e0735a,
36.78284662,-1.316853356,7930812991,15.625,clinic,2018/11/26 18:50:18+00,Shofco Satelit Clinic,135608976,84b606e6b73f4120b92abb54c34a2c48,
37.62781564,-1.783931223,5588163893,9.375,hospital,2016/04/08 15:02:01+00,Operating Theatre,135354790,d5bd173beb3e49969534e3b2eca265a9,
36.77396792,-1.310405745,4963467525,21.875,clinic,2020/04/29 11:10:10+00,Kinani Medical & Dental Clinic,135203211,9c493f65f5b84d5a8ce09005307bc8a8,
36.88979996,-1.25023005,8891939522,12.5,hospital,2023/05/02 10:09:37+00,Vission Medical clinic and maternity,107379653,70d7d9e7325649df9d833def898fb824,
36.91244526,-1.223785314,8429549117,25,clinic,2015/08/18 06:46:16+00,Kizazi Clinique,99398545,9ff104a1bb6e448181c30f707b843147,
36.80239532,-1.25967042,5535372936,18.75,clinic,2022/09/08 06:56:04+00,Chinese Clinic,57885179,8c54dee39da04337b87d784a760fb82f,
39.78054167,3.337297622,3696856323,9.375,clinic,2020/04/17 08:03:32+00,Danaba Dispensary,33335632,0d46005ec12243cdb010d01bfd2a1a3d,
36.86449994,-1.311180065,8894604383,12.5,pharmacy,2023/04/15 10:44:49+00,Mercy Chem,107429931,d02bcbf8d11a48409087cf0c71980941,
36.74535982,-1.28602195,8074036762,15.625,pharmacy,2021/07/30 16:54:55+00,Clinic,135607304,8f1b92a9b200418991e1243175a081e7,
35.08167995,1.278781664,6948364837,15.625,clinic,2021/07/30 11:43:20+00,Kishaunet Dispensary,77093971,c6ef2262462a4a8d98c42a9433b75940,
36.86317996,-1.30838051,8974004104,12.5,clinic,2018/05/11 08:49:52+00,Coptic Hospital Lunga Lunga,109019024,c9f1e845534f401e862271e5b9c2563c,
36.75058669,-1.290040067,8074036766,15.625,pharmacy,2023/04/03 06:36:03+00,Ethmill,93408841,9685386c750842fcb1efc69a4a8d08c9,
35.69373808,0.751036839,3674800616,15.625,hospital,2020/04/29 11:55:42+00,Likwon Dispensary,91142598,ab1451077f7d4133b9a588c21776254e,
34.30168518,-0.837906464,5172729043,9.375,hospital,2013/12/05 16:14:13+00,osani community health centre,53007063,9bd2eee3b6bc4999a4fd22683ef31072,
39.65083985,-0.483545246,11364707378,21.875,clinic,2020/12/06 08:34:59+00,Tawakal medical centre,144257155,b4a96e0d1bb0421f8d05d6525d0fc7d4,
36.81249534,-1.294559338,5378551753,15.625,clinic,2023/05/06 21:56:17+00,Kigen Bartilol,55974254,3449843da6154d8696980517674271d6,
34.7692658,-0.078707872,8214402705,15.625,pharmacy,2021/03/01 18:18:56+00,PJ Chemist,95631243,1e44d40599414c179138d1787fa0081a,
36.79349172,-1.315620546,5295842439,21.875,pharmacy,2021/07/05 13:38:30+00,Friends chemist,134493322,a12e51828bf64c0ca3901aa6251e3558,
34.2970365,0.179695138,1430192598,9.375,pharmacy,2011/09/14 09:40:38+00,Lutta Pharmact,12875886,bb413d8183294b72a314dc74f49d3e0b,
36.78060497,-1.310068541,701794697,25,pharmacy,2023/04/12 11:38:38+00,Karanja Chemist,135607304,40d88ee168b54192af8ef8f79667ba3c,
36.99510407,-1.270906278,8415821617,28.125,clinic,2021/11/19 11:21:33+00,Adopta Life Foundation (Ruai),99126614,42216484310340bb87b4c25e65bb3af4,
39.74712378,-3.955134829,5066987922,9.375,clinic,2015/01/14 10:43:12+00,BCL Health Care Support,51550029,1799ed54a7594f3c9d69ed3eafeb961e,
37.14918994,-0.731662404,3105369930,15.625,pharmacy,2015/08/18 12:49:58+00,Riara Chemist,25789114,dd22d91c3de84c5c9d4d66d127a01e64,
34.7798223,-0.081880171,8214402716,15.625,pharmacy,2023/04/15 11:24:17+00,Doxa Pharmaceuticals and Eye Clinic,95631243,a5ea7e0b71f34a29a777da552383a036,
36.75080504,-1.278275312,8074036780,15.625,pharmacy,2015/11/23 14:53:00+00,Ponachem,93408841,9dea9b2593ca4567a25069bae357569f,
36.8878712,-1.325165774,8778559117,9.375,hospital,2023/03/20 09:51:13+00,Mukuru Health Centre,105525200,f8861b5488744c07a2f1029cd409c129,
36.86662014,-1.255084933,2378918234,25,pharmacy,2020/09/28 17:45:03+00,STJAMES MEDICAL CENTER,100224317,d14ea1f91907418f805d36d1533ccc40,
36.91696277,-1.305128918,8168683512,12.5,hospital,2023/04/03 04:49:06+00,St Mary's Hospital,133467783,e4ed505afda44753b6024de5df903d2e,
36.8578085,-1.261821133,8021720088,18.75,pharmacy,2015/11/24 08:15:56+00,Migingo chemist,93668020,2c962917369046248bc369a8ef2274cd,
37.15052962,-0.731608341,3105367405,18.75,pharmacy,2020/04/17 09:38:34+00,Mbiri chemist,25789114,1cee01f53cdf4a54929eeb6de4c3199f,
36.83502204,-1.316488157,2145329589,18.75,hospital,2022/06/26 23:37:59+00,The AgaKhan University,82156136,08f1f30857f745719bedab8cc56beebd,
34.09092147,0.129661882,11586713097,21.875,clinic,2017/09/02 20:36:42+00,Gate well Health Care clinic,147149821,2f127fc13b9546f88d6d497d13193d30,
36.86590575,-1.261479067,1124602251,9.375,hospital,2020/11/06 14:08:29+00,Lions health clinic mathare valley,7110704,70304a0eb46d467e951cf58a0589212d,
35.98762546,0.471883757,6807623050,15.625,clinic,2019/04/01 05:12:38+00,Medical Clinic,74664028,d9007e6914fa41c0b5be58ca425d2425,
36.86159703,-1.263130973,8021852685,15.625,clinic,2021/02/11 19:34:42+00,Vision Health Care,93751029,92393e894630449098c9263d691fcd2e,
34.86588466,0.835606554,9651419046,12.5,hospital,2021/02/02 18:14:19+00,Sikhendu Medical clinic,119464363,4aebbfdd85a64bbcba938574d2937cec,
36.93382012,-1.249457826,8811903317,12.5,hospital,2018/07/30 21:52:38+00,Njiru Health Centre,114949895,3fc5821781c646c7b04a8d0d31ada0a9,
36.85454324,-1.265657614,2392593371,21.875,pharmacy,2020/04/29 13:44:37+00,Mama africa clinic,83210227,b070b3d985164f95b21408059be33ad4,
36.78632905,-1.30719841,612007453,9.375,hospital,2023/12/02 12:20:24+00,New Makina Clinic,134809251,7daef2a2b77444ab8bf46548dc026e1a,
36.75081166,-1.288608354,8074036745,15.625,pharmacy,2018/01/11 07:47:55+00,Galex Chemist,93408841,ad74f77842064a31b8c9596f5511147a,
36.79001164,-1.313258358,7930787280,15.625,clinic,2023/04/22 10:30:18+00,Kisembo Health Services,135086203,a4e56a1a5a9940c98e4798cd031c9329,
36.87382078,-1.294309306,8429502418,25,clinic,2020/04/29 10:26:36+00,Kilele Medical Specialist Centre,99397685,d82b1c8aedd44b538d9c86349c1f3edd,
36.91670595,-1.248200037,8415778917,25,clinic,2013/08/03 10:48:52+00,Conerstone Clinic,99125194,deaab8e10b0f43c7b8320e92366e4911,
36.78549069,-1.309746927,4967614274,15.625,clinic,2020/12/03 13:35:14+00,Al- Gadhir Medical Clinic,50372327,7dd430bf16824c76825c90be9d8cf46e,
36.79741068,-1.248534475,813086068,6.25,pharmacy,2020/04/29 07:03:13+00,,5197292,070093ca88744d3e828baa35cbeed400,
36.79587244,-1.316858302,696656810,15.625,clinic,2023/06/21 19:12:35+00,Okoa Medical Clinic,134436534,058e85c7b3ef4122a848374889e8674a,
36.88956317,-1.328153503,8415831021,18.75,clinic,2023/04/15 10:44:49+00,Avenue Health Care Embakasi,99127734,c55cc5c75ebd48ca8cb640dec28bb7ff,
36.85683997,-1.26318688,4503959148,18.75,pharmacy,2021/02/11 18:35:49+00,Pona 3 Dispensary,64908216,2f21c52211784165bb0d6ea43c42fc02,
36.74126165,-1.286750003,8047604837,15.625,,2020/03/23 09:52:06+00,Jewish Path Laboratory Ultrasound,93124635,dcb239233d61400180c87b85ad788689,
36.85202649,-1.264497307,4500146286,15.625,clinic,2021/07/05 13:32:51+00,Stahi Medical Clinic,61359793,49c64275706146e18ffc3a9b57601684,
36.84813033,-1.314474237,3856215862,9.375,pharmacy,2015/08/18 07:43:42+00,Daine pharmacare,35548151,dbd6f35943fa460ba3bc833551fd12c3,
41.52475386,-1.695661149,6485807586,9.375,clinic,2021/02/11 18:25:33+00,Dispensary,135022896,f86792fc316d4859acb6b1b0556535c8,
36.74841066,-1.291704378,8074036803,15.625,pharmacy,2022/02/04 02:45:12+00,Gg,93486282,bab8b42c86ac436fa54cdee4e1cd0ed0,
34.77838162,-0.088205072,8214402672,15.625,pharmacy,2020/04/17 08:38:11+00,Denrose pharmacy,95631243,249bbd7ac3d84df0bfc7ff80f56a49a0,
36.81159429,-1.289913836,5383793221,21.875,clinic,2022/05/29 10:37:22+00,Gilead Medical Centre,135966656,f667e04b99624afe83f5fbbb3f722830,
36.89652074,-1.317912075,8168754213,12.5,hospital,2023/05/29 07:47:47+00,Bliss Medical Center Pipeline,94858206,c87ed86006e841288a2b47ca507cdbd6,
37.16099937,-0.722643141,3105367424,9.375,clinic,2023/07/19 18:54:38+00,Neno Opticians,25789114,f407268bab7745e8a3ed81f0fd43ea05,
34.75678053,-0.119630503,3294340548,6.25,pharmacy,2016/05/17 23:13:47+00,,28205870,9b7c6011864546ed921a90ab872991e8,
37.1607827,-0.717513836,3105367383,9.375,clinic,2021/07/04 08:44:18+00,Drug Youth Rehabilitation Centre,66388833,ce9503bf96894643a97bf9f4cb46476e,
36.78855663,-1.300152833,5414200443,18.75,pharmacy,2010/01/13 12:54:14+00,"Goodlife Pharmacy, Total Ngong Road",135045277,2c806583edea48dd97784e9fe65e4d82,
36.9006039,-1.218513851,6249063518,18.75,hospital,2023/05/11 08:50:31+00,Shekinah Medical Centre,66798094,858d1a5d401546b2895e33daecf84c32,
36.88429992,-1.305340058,8894604400,12.5,pharmacy,2020/04/29 10:06:37+00,Huduma Bora Medical Center,140562958,4a97bea6c3464bef8040643510fa2d8d,
36.8683438,-1.31619697,1446059231,12.5,pharmacy,2020/03/23 10:25:11+00,Chemist,9399376,7564b357aff2457fbcc23a1c217f8c04,
36.7533611,-1.297875638,8074036735,15.625,pharmacy,2023/05/12 01:56:32+00,Eloc Pharmacy,93408841,4e0ccf9079d64d77ad1ad6621e976c8a,
36.86183072,-1.261864719,8021852985,15.625,pharmacy,2023/05/23 10:02:59+00,Gracious chemist,92706561,3ca0bce28abd4faf80841928ddace7c5,
34.62855217,-0.400085882,9753673417,28.125,clinic,2022/09/01 11:23:31+00,Oriang' (SDA) Health Centre,121177647,fe08dbf586484cb394b93ae334a59b55,
36.79279888,-1.315527172,1771323211,15.625,pharmacy,2023/02/08 13:40:58+00,Chemist,134493322,b64539f840994026a6d835025daaed5f,
36.79038975,-1.309082075,612009233,21.875,pharmacy,2023/03/28 14:06:01+00,Goodwill Chemist,134437531,6176af5b85b8430b9ab2403d7fd7dbf6,
36.85779492,-1.262391773,7952200598,15.625,,2023/10/06 15:55:17+00,Bygrace,91659564,9c73cfcfe70e452e860c5fe1aec8334f,
36.75133595,-1.288549178,8074036776,15.625,pharmacy,2023/05/07 02:49:23+00,Chemist,93408841,c67e073ba87e4509be7fb7d743a27003,
36.66361916,-1.245044921,7321454586,28.125,pharmacy,2013/09/26 09:54:55+00,Begat Chemist,82515960,3a7d6b548a514f709205493736555802,
36.78200307,-1.307840464,708659008,21.875,pharmacy,2023/05/02 09:28:28+00,Ado pharm Chemist,135395522,2811a1401ddd48139240697d03945e62,
35.2903626,0.511086169,8478042917,9.375,hospital,2019/01/14 16:53:16+00,Fountain Healthcare,100251526,2428bc68c8184e2db4d80564b7aa897d,
35.74355106,0.485937694,5781471256,9.375,hospital,2023/04/19 06:06:05+00,Baringo County referral hospital Mortuary,75323357,ff8b7f4255f94fbea50d80a563d665ed,
34.56228794,-0.708425506,3612418828,12.5,doctors,2024/02/06 20:06:38+00,Kochola Dispensary,32157079,ba7cb4e1994d4ff8b74cebf5fe0d9af8,
40.41318384,0.613962464,3713209246,9.375,pharmacy,2023/10/26 08:03:54+00,Biyamathow Dispensary,33564237,353a4b1004f44e48a6d5a98068a0736b,
36.79345258,1.311219629,8429483217,25,hospital,2023/05/11 08:50:31+00,Kibera Community Health Centre (Amref),99397134,c2cb96862e1a4faba09787b59716784b,
36.84896324,-1.312816213,1999910116,9.375,dentist,2020/12/10 17:00:58+00,Dental Clinic,13772720,1658e594ebd4447da0c703795905ae8d,
36.90766003,-1.245664679,8415969217,31.25,clinic,2020/03/23 10:20:44+00,Dandora Health Services,99128769,1ec42fbb3b4540948271d1a969561c32,
36.85702177,-1.331886384,6207599848,18.75,clinic,2015/01/09 12:22:25+00,Clinix Healthcare MFI,66300154,7e2a7bec828f40518b154fb019c35920,
34.76471149,-0.096916216,8190812612,15.625,hospital,2022/06/16 08:14:07+00,Star Hospital,95229736,dbce944035f64966b13410342895b496,
36.8824,-1.307710041,8894604399,12.5,pharmacy,2021/02/11 17:47:13+00,Upendo Chemist,107429931,bcb7d664f52747359517952bdab60d61,
40.0222015,1.761421371,3689545199,9.375,clinic,2024/02/06 20:06:38+00,Makoror Dispensary,33240035,e865a96b539f4e498d5df4de51eed63b,
40.05940985,1.750773337,10008232418,9.375,hospital,2023/08/30 10:24:12+00,jeddah hospital,125928911,844b460a3f9c4fe2bcc53d11116943ac,
35.75418996,0.198242949,6799387367,15.625,clinic,2022/09/19 08:21:10+00,Sore Dispensary,74532115,0deacd12426540aba9fc45f99d315372,
36.77949663,-1.31399672,7930812999,15.625,,2011/10/06 15:12:11+00,Kemri/Cdc Program,95242987,c7f99375eef7451d995cb3daa0f135fd,
36.78882292,-1.307230345,612007456,9.375,hospital,2022/01/25 10:59:20+00,St Augustus Medical Clinic,134812930,2d9008c817784cf696e1c13902bf8e12,
36.74524993,-1.286130077,8047604834,15.625,clinic,2020/04/17 13:06:24+00,Fourty Six Medical Center,135607304,7e470409ec4b44d49b61c5ee0495277a,
36.88612097,-1.301903059,8418086917,28.125,clinic,2020/04/29 07:31:18+00,Edarp Donholm Clinic,99174487,d6af9c39067b412796b7515517696449,
36.86818697,-1.314849159,1446059260,12.5,pharmacy,2023/05/02 09:28:28+00,clinic,9399376,f8baf79b845443c6bf665483a1a3ae06,
34.72405163,-0.076298327,8190955390,15.625,hospital,2015/08/18 07:43:43+00,St Jairus,95231329,50733aabfed34dbe9a17b65aa05f091f,
34.75498597,-0.121127846,8214402693,15.625,pharmacy,2014/09/17 09:33:30+00,Afya Check,95631243,0464e4d7a1954af9bee62df49c3c5b79,
36.98842738,-1.267823665,8415830822,25,clinic,2020/02/14 10:04:29+00,City Jacaranda SDA Church Clinic,99127420,fffaf2b723a145c28be27ee90c2d1259,
36.66293797,-1.245407103,7321492687,31.25,dentist,2012/12/16 16:52:11+00,Dental,82516353,2384b12b8f454b23b6393b850b40230a,
36.79014944,-1.308771861,698592301,21.875,pharmacy,2019/02/26 10:14:47+00,Chemist,135607304,a9f5bc57bcbf4f1888c75e69b9581c53,
36.7850167,-1.30862501,7930812992,15.625,clinic,2017/07/18 09:40:05+00,Makina Clinic,91281159,9eddee21fd0e4ae187fea1701f6148fc,
36.88929998,-1.25275007,8891997079,12.5,*,2023/04/03 04:49:06+00,Herbalist-Baba Senje,107380437,3733f178b4ef44eeb5209120d2a32553,
36.81688738,-1.312160916,5372450531,12.5,hospital,2020/05/04 10:54:00+00,The Aga Khan Hospital,55892104,896448edfdab4adda1aa8fd9e3d4dd31,
36.84050372,-1.309582558,3856068144,12.5,pharmacy,2013/08/03 09:20:19+00,Kingori Chemist,90541428,5437ed140a9d4e7286c38527d57685ea,
36.87039996,-1.310690059,8894604387,12.5,pharmacy,2020/10/26 13:44:59+00,Melihep Medical Clinic,107429931,7c64f3e05b1b47d89c492e3f7bd3ca00,
34.77606654,-0.083163524,8214402664,15.625,pharmacy,2023/04/15 11:31:14+00,Hellmart,137618919,e77f803597114993bf31e2dffa977382,
36.78745516,-1.311312164,698525854,18.75,pharmacy,2015/11/20 13:17:42+00,Jaribu Herbs,48836048,110aef6c5e6a4d4a98a0146a51bf6aa9,
35.53203055,-0.300481547,2153160671,21.875,pharmacy,2020/09/28 17:45:03+00,EMKIM CHEMIST,120077680,548455bd248e4350ac3298f057fe11f6,
36.84029979,-1.229409906,5865540306,25,pharmacy,2015/02/14 14:29:28+00,Goodlife Chemist Kiambu Road,62102649,5e815588365c4f5a8370e5c868842370,
35.74322216,0.485365545,5781471255,15.625,hospital,2016/03/11 10:46:01+00,Baringo County referral hospital Surgical Ward,75323357,dd2871cc13394f61a6efb9f8e161e18e,
34.78171166,-0.07472035,8214402696,15.625,pharmacy,2021/07/05 09:39:09+00,Nyaoro Pharmacy,136689303,2776d90846c343ab9e7c59e379cb161d,
34.75163823,-0.12209671,8191042263,15.625,clinic,2021/02/11 17:53:54+00,Nyalenda Health Center,132494993,012de62dd7204dfb8142b52c117870af,
36.79628164,-1.29410001,30210282,9.375,hospital,2022/02/04 02:45:12+00,Nairobi Women's Hospital,145287986,b5dd0a9d3a534607a52f40080cc609c0,
36.86095087,-1.255943659,2373149871,18.75,hospital,2023/05/02 09:28:28+00,SINAI CHEMIST,78425521,fe52c5fd9906494d95fda3bce7e227e0,
39.94291163,1.783256983,3689569333,9.375,clinic,2018/01/21 14:33:01+00,Wagalla Health Center,33240419,10e46007394b414ab86df3ea9b8aa0fb,
36.78251369,-1.307205283,698602291,18.75,hospital,2023/05/12 09:39:29+00,St.Perys Medical Clinic,134812930,79c45728937d4186acc02188aac2d857,
36.58342656,-1.120343073,5141192922,9.375,clinic,2013/12/05 16:14:14+00,Rwamburi Dispenserary,52538073,309314497fbd4b8e9a00a7c5081ae04a,
39.5513698,-3.112200103,11290358697,25,clinic,2020/12/10 17:00:58+00,Jida Nursing Home,143149317,b5702be9bf254ecd975499c46a7fcafe,
36.77885927,-1.315513174,2452590954,9.375,pharmacy,2023/04/03 05:43:13+00,,17763497,a97d6549770f432d8528c030dcaea96f,
36.88329569,-1.24781338,2405823289,9.375,clinic,2023/02/20 15:07:32+00,Joy Medical Clinic,17201651,3f1b78114c1d4f5e8be8321c7f5298e0,
36.79648649,-1.313384422,696526809,21.875,clinic,2020/02/19 14:37:09+00,Mary Medical Services,134999002,0078100e4ef246d7aeff20643b3e8083,
36.84519164,-1.264111069,8100968218,15.625,pharmacy,2015/04/13 18:07:50+00,Afyw Chemist,93865252,e6386e3758d9431bb253da24198c0847,
36.75282566,-1.288203341,8074036772,15.625,pharmacy,2023/05/17 05:42:13+00,Kaimosi,93408841,5bea184f424a44bd925e36f0329274b1,
36.84972122,-1.313071023,1486028890,12.5,pharmacy,2024/01/03 18:00:37+00,Upendo Medical Clinic,9696478,807e735a8ad8469aa993eb255ff36f08,
35.12143322,1.237268276,6924413655,15.625,hospital,2021/02/11 19:54:20+00,Kapenguria County Referral Hospital,77093971,01a1389f732a4f03bc3e03fc2bea97e3,
36.94773769,-1.289953482,8420878123,21.875,hospital,2020/10/19 11:07:45+00,GSU Training School,131048569,2d69163119d74f0d8b333f624cc36685,
36.8601064,-1.261812332,1038202656,9.375,pharmacy,2017/12/21 13:49:14+00,,6658066,529a991eeb4a40e7b1690b9431f8e9f0,
37.80276616,0.014872388,9724227375,12.5,hospital,2023/09/23 04:45:53+00,clinic,120691781,b2482f2e9a1f4692a1a1550c93ac6ec8,
38.12408876,-0.980241741,2877935387,9.375,hospital,2015/01/12 22:39:34+00,kanynga health centre,28861958,461e14a406c94be5baa2dd6d35ad0949,
34.74948165,-0.125851719,8214402695,15.625,pharmacy,2023/04/21 17:13:35+00,Evenly Chemist,95631243,bccb37a3852748e8b7236fd060db8647,
36.86128053,-1.26330255,8021829889,18.75,pharmacy,2012/09/09 22:41:09+00,Venus chemist,93741025,b2e8f57c24a54857b780ff129aee62bc,
37.51269766,-1.866425411,7987009041,15.625,hospital,2023/05/08 08:11:34+00,AIC Kalamba dispensary,92150181,e1bb4113123c4c9283909ead33a51fcd,
36.89229374,-1.246094419,3723146925,9.375,hospital,2023/10/26 08:03:54+00,legacy dispensing chemist,65187818,96137dc6affd49f1acefebdb090678fa,
36.811774,-1.258860058,8416157317,28.125,clinic,2021/03/01 18:18:56+00,Dr S N Karau & Associates Clinic,99130607,11e28de9d2be4d2493386d670f498af5,
36.77618527,-1.308816704,7930787284,15.625,hospital,2023/05/08 08:11:34+00,Al Khair Health Centre,135608976,6b1dba7d60504d6990dd3dd66394b141,
36.92428059,-1.196292839,1948512958,9.375,dentist,2020/04/29 10:59:18+00,Baraka Dental Clinic,13380339,ea3b995c9ce040bc83bc1dcbe167cd97,
36.77549108,-1.312956777,612008760,21.875,clinic,2023/05/02 10:09:37+00,Senye Medical Clinic and Laboratory,135969891,0a1476e509074e71affda91e3e67c4f3,
36.8868036,-1.31775877,878847446,9.375,pharmacy,2021/08/24 13:27:21+00,UZIMA MEDICAL CLINIC,5590201,d78982d13abe417f9214bf00b71b3efc,
36.66425753,-1.245594858,7321451285,31.25,pharmacy,2019/01/24 11:07:22+00,Lufestyle,113752869,275b544879d446fdbb0bde6071823eb4,
39.31322643,-4.139391524,833388567,9.375,hospital,2023/04/25 17:56:59+00,KINANGO DISTRICT HOSPITAL,5316383,f8c93c9eb5344a03a13baacd34a9e30a,
36.78770603,-1.300900583,5414008483,18.75,clinic,2023/10/02 00:43:41+00,Aga Khan University Hospital Medical Centre,56379425,fa79ca7f10794c288995b0ff692e9a6d,
36.84640827,-1.266516759,7952200591,15.625,clinic,2023/04/21 17:13:35+00,Divine Dispensary,91659564,bcb05c96d8ed4ffc855154b5580283e8,
36.88706587,-1.319439257,1419101749,9.375,hospital,2020/04/29 13:44:37+00,Mertenity clinic,121412002,43743ee1042e4d79813712cb41c3b42b,
36.85896227,-1.254257806,2373149870,18.75,hospital,2021/07/04 08:19:27+00,GEOJAN CHEMIST,19683373,e3922f2d8b3544d1a1ac9981ce79090a,
36.75066498,-1.289773355,8074036785,15.625,pharmacy,2021/02/16 17:55:46+00,Joag Chemist,93408841,a0b0fc4527644e51aa39afddb6ecfa1f,
39.67240565,-4.063134143,2380397562,9.375,pharmacy,2018/04/07 07:54:15+00,Palmland Chemist,145614535,b0b651417065425985f15f9302ac3a19,
34.75959937,-0.11735884,8191014592,15.625,clinic,2015/08/14 12:48:56+00,Amua Medicare,95232498,6b40cc0d629c4e05a861b5afe84eef57,
36.84025436,-1.309616002,3856041157,9.375,pharmacy,2023/09/15 09:38:14+00,clinic,35546881,7a0fdbb585a945dba4eb3e9be6d105c8,
37.64251112,-0.576722254,9487237401,12.5,hospital,2023/05/11 08:50:31+00,Mbeere subcounty Hospital,117126652,8f52d4f0b530469ba8a357d9f4054312,
37.44693534,-1.662922106,5641420323,18.75,pharmacy,2023/09/22 00:35:47+00,Longonot Chemist,61562241,513be96a464e4fc78238f88e394bdb3f,
36.74129828,-1.286633326,8047604835,15.625,clinic,2021/07/05 09:39:09+00,Riruta Health Centre,93124635,8e2b67fc73db4b16a01c29aab432ab46,
36.74162224,-1.289484263,8074036768,15.625,pharmacy,2023/05/02 09:28:28+00,Abijo,93408841,4e64b4ae198043c08aa44bce488fbe05,
36.80665223,-1.29457124,5383793266,21.875,clinic,2019/11/14 20:32:41+00,Laser Stone & Endoscopy Centre,56036617,587c25c9c79d46989ca1a7afe7c4a5b9,
36.77596977,-1.31104168,2438933689,21.875,clinic,2018/12/31 12:14:02+00,Kianda Medical Center,50372122,9cc7cd4b262b4c6ea4911959cf7c1de4,
36.86071886,-1.259563467,8021724587,18.75,pharmacy,2021/08/02 09:41:40+00,Fast care,93669312,d0ea73220bfb4638a625f04638467601,
36.77494299,-1.311114351,1801454683,12.5,pharmacy,2020/11/02 09:38:34+00,Ant Hill Chemist,17586567,ac88b700e8124c7c9d292c61be6e84e1,
36.75617155,-1.279876004,8074036750,15.625,pharmacy,2023/12/20 09:45:10+00,St Ann's,93408841,0c23bb35da714f159adffc665d648d64,
36.79399497,-1.312125041,7930813005,15.625,clinic,2020/09/19 08:00:59+00,Fhok-Family Care Medical Centre,134437531,a889f60571cc4047966ce31a9145da51,
40.03661326,-1.497752764,5504249721,9.375,hospital,2017/10/17 10:20:53+00,Medina,57521405,eb524fd6a9594f66929aa95c3ec8b8dd,
36.77830455,-1.312102326,698602287,21.875,pharmacy,2023/11/20 17:57:19+00,Balozi,127490159,41a36f61343e4a80920b316e92fd9407,
36.81786839,-1.282133418,8418135317,28.125,clinic,2018/02/01 18:35:02+00,Equity Afia Biashara Street,99175771,f0ab09ef02254d43ab6dae21d13f8d73,
39.4584331,3.334386085,3697007909,9.375,clinic,2020/04/17 08:56:15+00,Adadijole Dispensary,81773769,d68a575e739c485597497839106b8a23,
35.72464828,0.045872019,5798859910,15.625,hospital,2020/12/10 17:00:58+00,Eldama Ravine Sub-County Refferal Hospital- Orthopedic Ward,75323339,7fcefb0d54b244e087266ab52e734cb7,
36.74839315,-1.291655763,8074036804,15.625,pharmacy,2023/04/04 12:13:47+00,Zapla,93408841,a51d01f634694d61b0d716228bb4c327,
37.15987636,-0.720770205,3105367419,18.75,pharmacy,2012/08/27 09:14:55+00,Muranga Pharmacy,64984014,51c8d7546bc1471b89e70633a63bf42f,
35.27975505,0.516531557,6149572955,9.375,hospital,2022/04/02 12:27:35+00,,130130069,7338dde4b43c4db48e2fe4bf90da8f71,
36.79486778,-1.316440464,701797853,21.875,pharmacy,2023/05/02 09:28:28+00,Jomingo Chemist,135604746,eb131f14a2fc44dd80f585ea4c78cbbf,
36.85715563,-1.264482555,1038193546,9.375,hospital,2021/02/11 17:53:26+00,UnduguMedical Clinic,6657944,1eb62db9a99545ff8ce6883de45fe6f3,
35.25939666,0.463879961,5547653730,9.375,hospital,2017/08/29 16:36:51+00,Racecourse,58031120,599223478e6c45c1b66160f7bf0ad6bf,
36.72127526,-1.22215386,9988310050,15.625,hospital,2020/04/28 09:23:07+00,Wangige Level 4 Hospital,125567272,480d6be78bc24ec8884a1334e69c7333,
36.87438237,-1.316182636,1437348033,12.5,pharmacy,2014/10/01 12:36:22+00,Ponya Clinic Pharmacy,10807822,45a41b956fa64b5d884282431db342e0,
34.70866497,-0.075643365,8214402698,15.625,pharmacy,2020/04/28 10:12:40+00,Sanueva Chemist,95631243,cec0d7b6912547afa676ff350d010196,
40.05698329,1.750489693,10008341218,15.625,hospital,2020/12/10 17:00:58+00,Wajir Central Nursing home,132795490,be888895844c42f4a04e5c07579c0cbc,
